<?xml version="1.0" encoding="utf-8"?>
<DeploymentPackage xmlns:xsi="http://www.w3.org/2001/XMLSchema-instance" xmlns:xsd="http://www.w3.org/2001/XMLSchema" provider="BZWBK" system="PRIME">
  <DeploymentComponent Name="AddonLive">
    <Version>
      <Name>83332bed-aa2d-4457-922c-806a07064da3</Name>
      <Type>Full</Type>
      <FileList>
        <FileName>wbk_create_fee.sql</FileName>
      </FileList>
    </Version>
  </DeploymentComponent>
  <ResolvedIssues>
    <TKey>Teet-34353</TKey>
  </ResolvedIssues>
  <IchangeProjects>
    <Pname>Production Operation</Pname>
  </IchangeProjects>
</DeploymentPackage>