<?xml version="1.0" encoding="utf-8"?>
<DeploymentPackage xmlns:xsi="http://www.w3.org/2001/XMLSchema-instance" xmlns:xsd="http://www.w3.org/2001/XMLSchema" provider="BZWBK" system="PRIME">
  <DeploymentComponent Name="AddonLive">
    <Version>
      <Name>82f4f7cd-61f9-4a63-8f04-d5e4f9a020d4</Name>
      <Type>Full</Type>
      <FileList>
        <FileName>/wbk_create_fee.sql</FileName>
      </FileList>
    </Version>
  </DeploymentComponent>
  <ResolvedIssues>
    <TKey>Teest1</TKey>
  </ResolvedIssues>
  <IchangeProjects>
    <Pname>PO</Pname>
  </IchangeProjects>
</DeploymentPackage>