<?xml version="1.0" encoding="utf-8"?>
<DeploymentPackage xmlns:xsi="http://www.w3.org/2001/XMLSchema-instance" xmlns:xsd="http://www.w3.org/2001/XMLSchema" provider="BZWBK" system="PRIME">
  <DeploymentComponent Name="WBK20">
    <Version>
      <Name>ecf4f484-3bd4-499e-85e2-857283f199aa</Name>
      <Type>Full</Type>
      <FileList>
        <FileName>wbk_create_fee.sql</FileName>
      </FileList>
    </Version>
  </DeploymentComponent>
  <ResolvedIssues>
    <TKey>Teet-34353</TKey>
  </ResolvedIssues>
  <IchangeProjects>
    <Pname>Production Operation</Pname>
  </IchangeProjects>
</DeploymentPackage>